step,type,amount,nameOrig,oldbalanceOrg,newbalanceOrig,nameDest,oldbalanceDest,newbalanceDest,isFlaggedFraud
1,PAYMENT,9839.64,C1231006815,170136,160296.4,M1979787155,0,0,0
1,PAYMENT,1864.28,C1666544295,21249,19384.72,M2044282225,0,0,0
1,TRANSFER,181,C1305486145,181,0,C553264065,0,0,0
1,CASH_OUT,181,C840083671,181,0,C38997010,21182,0,0
1,PAYMENT,11668.14,C2048537720,41554,29885.86,M1230701703,0,0,0
1,PAYMENT,7817.71,C90045638,53860,46042.29,M573487274,0,0,0
1,PAYMENT,7107.77,C154988899,183195,176087.2,M408069119,0,0,0
1,PAYMENT,7861.64,C1912850431,176087.2,168225.6,M633326333,0,0,0
1,PAYMENT,4024.36,C1265012928,2671,0,M1176932104,0,0,0
1,DEBIT,5337.77,C712410124,41720,36382.23,C195600860,41898,40348.79,0
1,DEBIT,9644.94,C1900366749,4465,0,C997608398,10845,157982.1,0
1,PAYMENT,3099.97,C249177573,20771,17671.03,M2096539129,0,0,0
1,PAYMENT,2560.74,C1648232591,5070,2509.26,M972865270,0,0,0
1,PAYMENT,11633.76,C1716932897,10127,0,M801569151,0,0,0
1,PAYMENT,4098.78,C1026483832,503264,499165.2,M1635378213,0,0,0
1,CASH_OUT,229133.9,C905080434,15325,0,C476402209,5083,51513.44,0
1,PAYMENT,1563.82,C761750706,450,0,M1731217984,0,0,0
1,PAYMENT,1157.86,C1237762639,21156,19998.14,M1877062907,0,0,0
1,PAYMENT,671.64,C2033524545,15123,14451.36,M473053293,0,0,0
1,TRANSFER,215310.3,C1670993182,705,0,C1100439041,22425,0,0
1,PAYMENT,1373.43,C20804602,13854,12480.57,M1344519051,0,0,0
1,DEBIT,9302.79,C1566511282,11299,1996.21,C1973538135,29832,16896.7,0
1,DEBIT,1065.41,C1959239586,1817,751.59,C515132998,10330,0,0
1,PAYMENT,3876.41,C504336483,67852,63975.59,M1404932042,0,0,0
1,TRANSFER,311685.9,C1984094095,10835,0,C932583850,6267,2719173,0
1,PAYMENT,6061.13,C1043358826,443,0,M1558079303,0,0,0
1,PAYMENT,9478.39,C1671590089,116494,107015.6,M58488213,0,0,0
1,PAYMENT,8009.09,C1053967012,10968,2958.91,M295304806,0,0,0
1,PAYMENT,8901.99,C1632497828,2958.91,0,M33419717,0,0,0
1,PAYMENT,9920.52,C764826684,0,0,M1940055334,0,0,0
1,PAYMENT,3448.92,C2103763750,0,0,M335107734,0,0,0
1,PAYMENT,4206.84,C215078753,0,0,M1757317128,0,0,0
1,PAYMENT,5885.56,C840514538,0,0,M1804441305,0,0,0
1,PAYMENT,5307.88,C1768242710,0,0,M1971783162,0,0,0
1,PAYMENT,5031.22,C247113419,0,0,M151442075,0,0,0
1,PAYMENT,24213.67,C1238616099,0,0,M70695990,0,0,0
1,PAYMENT,8603.42,C1608633989,253,0,M1615617512,0,0,0
1,PAYMENT,2791.42,C923341586,300481,297689.6,M107994825,0,0,0
1,PAYMENT,7413.54,C1470868839,297689.6,290276,M1426725223,0,0,0
1,PAYMENT,3295.19,C711197015,233633,230337.8,M1384454980,0,0,0
1,PAYMENT,1684.81,C1481594086,297,0,M1569435561,0,0,0
1,DEBIT,5758.59,C1466917878,32604,26845.41,C1297685781,209699,16997.22,0
1,CASH_OUT,110414.7,C768216420,26845.41,0,C1509514333,288800,2415.16,0
1,PAYMENT,7823.46,C260084831,998,0,M267814113,0,0,0
1,PAYMENT,5086.48,C598357562,0,0,M1593224710,0,0,0
1,PAYMENT,5281.48,C1440738283,152019,146737.5,M1849015357,0,0,0
1,PAYMENT,13875.98,C484199463,15818,1942.02,M2008106788,0,0,0
1,CASH_OUT,56953.9,C1570470538,1942.02,0,C824009085,70253,64106.18,0
1,CASH_OUT,5346.89,C512549200,0,0,C248609774,652637,6453431,0
1,PAYMENT,2204.04,C1615801298,586,0,M490391704,0,0,0
1,PAYMENT,2641.47,C460570271,23053,20411.53,M1653361344,0,0,0
1,CASH_OUT,23261.3,C2072313080,20411.53,0,C2001112025,25742,0,0
1,PAYMENT,2330.64,C816944408,203543,201212.4,M909132503,0,0,0
1,PAYMENT,1614.64,C912966811,41276,39661.36,M1792384402,0,0,0
1,PAYMENT,9164.71,C1458621573,47235.77,38071.06,M1658980982,0,0,0
1,PAYMENT,2970.97,C46941357,38071.06,35100.09,M1152606315,0,0,0
1,PAYMENT,38.66,C343345308,16174,16135.34,M1714688478,0,0,0
1,PAYMENT,2252.44,C104716441,1627,0,M1506951181,0,0,0
1,TRANSFER,62610.8,C1976401987,79114,16503.2,C1937962514,517,8383.29,0
1,DEBIT,5529.13,C867288517,8547,3017.87,C242131142,10206,0,0
1,CASH_OUT,82940.31,C1528834618,3017.87,0,C476800120,132372,49864.36,0
1,DEBIT,4510.22,C280615803,10256,5745.78,C1254526270,10697,0,0
1,DEBIT,8727.74,C166694583,882770,874042.3,C1129670968,12636,0,0
1,PAYMENT,2599.46,C885910946,874042.3,871442.8,M1860591867,0,0,0
1,DEBIT,4874.49,C811207775,153,0,C1971489295,253104,0,0
1,PAYMENT,6440.78,C1161148117,2192,0,M516875052,0,0,0
1,PAYMENT,4910.14,C1131592118,41551,36640.86,M589987187,0,0,0
1,PAYMENT,6444.64,C1262609629,12019,5574.36,M587180314,0,0,0
1,DEBIT,5149.66,C1955990522,4782,0,C1330106945,52752,24044.18,0
1,PAYMENT,7292.16,C69673470,216827,209534.8,M1082411691,0,0,0
1,CASH_OUT,47458.86,C527211736,209534.8,162076,C2096057945,52120,0,0
1,CASH_OUT,136872.9,C1533123860,162076,25203.05,C766572210,217806,0,0
1,CASH_OUT,94253.33,C1718906711,25203.05,0,C977993101,99773,965870.1,0
1,PAYMENT,2998.04,C71802912,12030,9031.96,M2134271532,0,0,0
1,PAYMENT,3454.08,C686349795,9031.96,5577.88,M1831010686,0,0,0
1,PAYMENT,4316.2,C1423768154,10999,6682.8,M404222443,0,0,0
1,PAYMENT,2131.84,C1987977423,224,0,M61073295,0,0,0
1,PAYMENT,12986.61,C807322507,23350,10363.39,M396485834,0,0,0
1,TRANSFER,42712.39,C283039401,10363.39,0,C1330106945,57901.66,24044.18,0
1,TRANSFER,77957.68,C207471778,0,0,C1761291320,94900,22233.65,0
1,TRANSFER,17231.46,C1243171897,0,0,C783286238,24672,0,0
1,TRANSFER,78766.03,C1376151044,0,0,C1749186397,103772,277515.1,0
1,TRANSFER,224606.6,C873175411,0,0,C766572210,354678.9,0,0
1,TRANSFER,125872.5,C1443967876,0,0,C392292416,348512,3420103,0
1,TRANSFER,379856.2,C1449772539,0,0,C1590550415,900180,1.92E+07,0
1,TRANSFER,1505626,C926859124,0,0,C665576141,29031,5515763,0
1,TRANSFER,554027,C1603696865,0,0,C766572210,579285.6,0,0
1,TRANSFER,147543.1,C12905860,0,0,C1359044626,223220,16518.36,0
1,TRANSFER,761507.4,C412788346,0,0,C1590550415,1280036,1.92E+07,0
1,TRANSFER,1429051,C1520267010,0,0,C1590550415,2041544,1.92E+07,0
1,TRANSFER,358831.9,C908084672,0,0,C392292416,474384.5,3420103,0
1,TRANSFER,367768.4,C288306765,0,0,C1359044626,370763.1,16518.36,0
1,TRANSFER,209711.1,C1556867940,0,0,C1509514333,399214.7,2415.16,0
1,TRANSFER,583848.5,C1839168128,0,0,C1286084959,667778,2107778,0
1,TRANSFER,1724887,C1495608502,0,0,C1590550415,3470595,1.92E+07,0
1,TRANSFER,710544.8,C835773569,0,0,C1359044626,738531.5,16518.36,0
1,TRANSFER,581294.3,C843299092,0,0,C1590550415,5195482,1.92E+07,0
1,TRANSFER,11996.58,C605982374,0,0,C1225616405,40255,0,0
1,PAYMENT,2875.1,C1412322831,15443,12567.9,M1651262695,0,0,0
1,PAYMENT,8586.98,C1305004711,3763,0,M494077446,0,0,0
1,PAYMENT,871.75,C1003206025,19869,18997.25,M989889899,0,0,0
1,PAYMENT,1035.36,C806813022,71636,70600.64,M902860396,0,0,0
1,PAYMENT,1063.53,C1406206626,83084,82020.47,M1816522350,0,0,0
1,PAYMENT,1019.9,C1799230133,204237,203217.1,M1521238608,0,0,0
1,PAYMENT,4059.38,C20156341,26304,22244.62,M1111897955,0,0,0
1,PAYMENT,1876.44,C1509309988,182,0,M1643141512,0,0,0
1,CASH_OUT,28404.6,C2091072548,0,0,C1282788025,51744,0,0
1,CASH_OUT,75405.1,C263053820,0,0,C1870252780,104209,46462.23,0
1,CASH_OUT,50101.88,C1740826931,0,0,C97730845,67684,9940339,0
1,CASH_OUT,14121.82,C69062746,0,0,C100555887,52679,10963.66,0
1,CASH_OUT,78292.91,C1631227617,0,0,C1983747920,121112,95508.95,0
1,CASH_OUT,176149.9,C24650043,0,0,C736709391,259813,46820.71,0
1,CASH_OUT,212228.4,C1896074070,0,0,C401424608,429747,1178808,0
1,CASH_OUT,85423.63,C460741164,0,0,C1590550415,5776776,1.92E+07,0
1,CASH_OUT,11648.5,C781091365,0,0,C985934102,260976,971418.9,0
1,PAYMENT,6165.58,C1858015030,20925,14759.42,M25764044,0,0,0
1,PAYMENT,3705.83,C671596011,41903.46,38197.63,M1925352804,0,0,0
1,CASH_OUT,419801.4,C1687354037,38197.63,0,C33524623,499962,1517262,0
1,CASH_OUT,335416.5,C743778731,144478,0,C575335780,295,52415.15,0
1,PAYMENT,3372.29,C967323951,41398,38025.71,M1600594643,0,0,0
1,PAYMENT,661.43,C743648472,14078,13416.57,M692998280,0,0,0
1,DEBIT,864.68,C1368862151,69836,68971.32,C20671747,12040,43691.09,0
1,PAYMENT,1203.44,C922807452,29941,28737.56,M33563464,0,0,0
1,TRANSFER,330757,C1494346128,103657,0,C564160838,79676,1254956,0
1,PAYMENT,1915.43,C822087264,11450,9534.57,M30699728,0,0,0
1,PAYMENT,8.73,C38603201,81313,81304.27,M1422273905,0,0,0
1,DEBIT,3058.8,C1694784135,18138,15079.2,C801197928,11054,8917.54,0
1,PAYMENT,5154.97,C1207231495,9476,4321.03,M756936249,0,0,0
1,PAYMENT,5213.25,C1221981006,36380,31166.75,M264394929,0,0,0
1,PAYMENT,5392.75,C1878413714,50757,45364.25,M769132147,0,0,0
1,PAYMENT,25.12,C1257299717,61663,61637.88,M1474957626,0,0,0
1,PAYMENT,17150.89,C181252244,61637.88,44486.99,M1733022752,0,0,0
1,TRANSFER,679502.2,C722417467,290,0,C451111351,171866,3940085,0
1,TRANSFER,177652.9,C753631393,23720,0,C716157500,55,4894.45,0
1,PAYMENT,5443.26,C1262869688,236997,231553.7,M1914108708,0,0,0
1,PAYMENT,244.87,C544386226,257978.5,257733.6,M1357700757,0,0,0
1,PAYMENT,8281.57,C900298796,257733.6,249452.1,M1889757798,0,0,0
1,PAYMENT,1175.59,C1166106620,20509,19333.41,M1932470703,0,0,0
1,PAYMENT,1097.74,C221861886,24866,23768.26,M1713568869,0,0,0
1,TRANSFER,184986.8,C697508322,39588,0,C1688019098,52340,97263.78,0
1,PAYMENT,1718.29,C603658030,117811,116092.7,M1689924104,0,0,0
1,PAYMENT,3671.32,C361380654,100094,96422.68,M631673932,0,0,0
1,DEBIT,3580.26,C1579132337,2565,0,C1321640594,21185,18910.85,0
1,PAYMENT,8550.9,C1795225096,40060,31509.1,M790094605,0,0,0
1,PAYMENT,9753.55,C1048712791,60829,51075.45,M487792155,0,0,0
1,PAYMENT,3026.98,C1909398279,31139,28112.02,M1632670136,0,0,0
1,CASH_OUT,467177,C1338905451,28112.02,0,C1170794006,975121,22190.99,0
1,DEBIT,3875.99,C1252540239,259138,255262,C1509514333,608925.8,2415.16,0
1,PAYMENT,2148.89,C1136005694,31213,29064.11,M638486177,0,0,0
1,PAYMENT,466.97,C426019904,80030,79563.03,M314411620,0,0,0
1,CASH_OUT,154139.7,C1642679791,79563.03,0,C564160838,410433,1254956,0
1,CASH_OUT,82685.93,C855700733,0,0,C392292416,833216.4,3420103,0
1,CASH_OUT,83857.23,C247162961,0,0,C1297685781,215457.6,16997.22,0
1,CASH_OUT,99109.77,C1890266440,0,0,C1297685781,299314.8,16997.22,0
1,CASH_OUT,187726.7,C1527152775,0,0,C747464370,190573,1567435,0
1,CASH_OUT,281339.9,C1863655430,0,0,C1509514333,612801.8,2415.16,0
1,CASH_OUT,186447.5,C976827477,0,0,C1590550415,5862200,1.92E+07,0
1,CASH_OUT,81029.86,C324112183,0,0,C288665596,105343,8496.61,0
1,CASH_OUT,139055,C2092709730,0,0,C1749186397,182538,277515.1,0
1,CASH_OUT,154716.2,C980364771,0,0,C453211571,187433,3461666,0
1,CASH_OUT,53631.83,C1233595751,0,0,C757108857,83244,0,0
1,CASH_OUT,289645.5,C1446001495,0,0,C1023714065,871442.8,1412484,0
1,CASH_OUT,267148.8,C1261044180,0,0,C401424608,641975.4,1178808,0
1,CASH_OUT,47913.58,C141110631,0,0,C240650537,51304,0,0
1,CASH_OUT,193605.4,C2029372696,0,0,C1971489295,249452.1,0,0
1,CASH_OUT,344464.4,C793293778,0,0,C766572210,1133313,0,0
1,CASH_OUT,169409.9,C888611662,0,0,C401424608,909124.2,1178808,0
1,CASH_OUT,25793.74,C1966355106,0,0,C476800120,215312.3,49864.36,0
1,CASH_OUT,114712.5,C599782425,0,0,C1209271652,145400,0,0
1,CASH_OUT,89038.75,C1233327519,0,0,C2083562754,189808,1186557,0
1,CASH_OUT,1341.58,C1155769010,0,0,C557041912,80341,557537.3,0
1,CASH_OUT,44443.08,C269892014,0,0,C1590550415,6048648,1.92E+07,0
1,CASH_OUT,34729.64,C1280641161,0,0,C1435804085,44853,96.88,0
1,CASH_OUT,105979.3,C489411441,0,0,C736709391,435962.9,46820.71,0
1,CASH_OUT,57794.61,C1141113940,0,0,C240650537,99217.58,0,0
1,CASH_OUT,15918.79,C1711185459,0,0,C1854778591,24553,0,0
1,CASH_OUT,19162.08,C25936709,0,0,C885951223,60169,215851.3,0
1,CASH_OUT,220691.4,C1123559518,0,0,C1590550415,6093091,1.92E+07,0
1,CASH_OUT,9536.54,C649769713,0,0,C1060830840,49161,130747.6,0
1,CASH_OUT,29784.06,C925150995,0,0,C920011586,63553,0,0
1,CASH_OUT,190445.5,C1760219993,0,0,C1360767589,203679,2107965,0
1,CASH_OUT,57279.11,C1800649922,0,0,C824009085,127206.9,64106.18,0
1,CASH_OUT,112086.8,C403547747,0,0,C1531333864,292728,55974.56,0
1,CASH_OUT,80311.89,C172215878,0,0,C434091818,87408,63112.23,0
1,CASH_OUT,151829.9,C873309260,0,0,C1023714065,1161088,1412484,0
1,CASH_OUT,26004.52,C1112456099,0,0,C1225616405,52251.58,0,0
1,CASH_OUT,3146.16,C923083575,0,0,C1504109395,9471,593737.4,0
1,CASH_OUT,296752.8,C589363823,0,0,C1531333864,404814.8,55974.56,0
1,CASH_OUT,191702.1,C2052457859,0,0,C985934102,272624.5,971418.9,0
1,CASH_OUT,365510.1,C1299327689,0,0,C564160838,564572.8,1254956,0
1,CASH_OUT,202332.1,C1408279755,0,0,C453211571,342149.2,3461666,0
1,CASH_OUT,55105.9,C2007486296,0,0,C932583850,317952.9,2719173,0
1,CASH_OUT,171508.6,C1033348658,0,0,C1971489295,443057.4,0,0
1,CASH_OUT,178439.3,C1634723627,0,0,C2083562754,278846.8,1186557,0
1,CASH_OUT,88834.86,C938463537,0,0,C985934102,464326.6,971418.9,0
1,CASH_OUT,210370.1,C2121995675,0,0,C1170794006,1442298,22190.99,0
1,CASH_OUT,36437.06,C2120063568,0,0,C1740000325,154606,1363369,0
1,CASH_OUT,82691.56,C1620409359,0,0,C248609774,657983.9,6453431,0
1,CASH_OUT,338767.1,C691691381,0,0,C453211571,544481.3,3461666,0
1,CASH_OUT,187728.6,C264978436,0,0,C1360767589,394124.5,2107965,0
1,CASH_OUT,271002.7,C500618423,0,0,C451111351,851368.2,3940085,0
1,CASH_OUT,323105.1,C1458091526,0,0,C747464370,378299.7,1567435,0
1,CASH_OUT,10782.94,C768776793,0,0,C796533847,100585,0,0
1,CASH_OUT,89962.11,C2018260103,0,0,C240650537,157012.2,0,0
1,CASH_OUT,101940.1,C1393828949,0,0,C357863579,105362,92307.65,0
1,CASH_OUT,163100.3,C1088417975,0,0,C401424608,1078534,1178808,0
1,CASH_OUT,136030.7,C2036775591,0,0,C757108857,136875.8,0,0
1,CASH_OUT,68912.23,C1620529408,0,0,C1688019098,237326.8,97263.78,0
1,CASH_OUT,73464.06,C307488715,0,0,C1789550256,444779,4619799,0
1,CASH_OUT,106117.3,C758572926,0,0,C476402209,234216.9,51513.44,0
1,CASH_OUT,503333.8,C1640612861,0,0,C985934102,553161.4,971418.9,0
1,CASH_OUT,71991.42,C990679445,0,0,C557041912,81682.58,557537.3,0
1,CASH_OUT,91379.93,C913065088,0,0,C401424608,1241634,1178808,0
1,CASH_OUT,26759.05,C746280996,0,0,C1360767589,581853.1,2107965,0
1,CASH_OUT,128487.4,C50503805,0,0,C747464370,701404.8,1567435,0
1,CASH_OUT,252908.9,C1557989809,0,0,C33524623,919763.4,1517262,0
1,CASH_OUT,64489.64,C146874094,0,0,C1297685781,398424.6,16997.22,0
1,CASH_OUT,171369.7,C2123222442,0,0,C451111351,1122371,3940085,0
1,PAYMENT,4493.29,C1746570062,8258,3764.71,M1555990397,0,0,0
1,PAYMENT,12121.5,C1544078442,97058,84936.5,M1291367132,0,0,0
1,PAYMENT,2278.19,C1887699190,290,0,M1479140596,0,0,0
1,PAYMENT,7707.44,C1108889615,99827,92119.56,M1275028674,0,0,0
1,PAYMENT,4013.02,C455888635,92119.56,88106.55,M204805934,0,0,0
1,PAYMENT,5775.15,C204322447,132329,126553.9,M1019484860,0,0,0
1,PAYMENT,4843.93,C1164365897,51718,46874.07,M1640899500,0,0,0
1,PAYMENT,2397.82,C3565780,20421,18023.18,M473666452,0,0,0
1,PAYMENT,4391.44,C1865219266,228,0,M2138005960,0,0,0
1,DEBIT,4497.87,C1278002745,107388,102890.1,C510113906,19053,5417.23,0
1,PAYMENT,7452.89,C214649627,102397,94944.11,M67730604,0,0,0
1,PAYMENT,3930.81,C15477956,6032,2101.19,M710623214,0,0,0
1,CASH_OUT,71532.24,C2082351661,2101.19,0,C1810132623,74956,97128.19,0
1,CASH_OUT,61159.51,C859690270,0,0,C476402209,340334.2,51513.44,0
1,CASH_OUT,12401.9,C1389774257,0,0,C1096283470,349763,0,0
1,CASH_OUT,32702.61,C553759818,0,0,C75457651,253053,31469.78,0
1,PAYMENT,6926.67,C751021317,152927,146000.3,M1896552614,0,0,0
1,PAYMENT,893.57,C294658299,10676,9782.43,M1033856359,0,0,0
1,TRANSFER,480222.5,C201677908,11110,0,C451111351,1293741,3940085,0
1,PAYMENT,3608.41,C635611994,11150,7541.59,M904253669,0,0,0
1,PAYMENT,5946.79,C1930903395,7541.59,1594.8,M1431710377,0,0,0
1,PAYMENT,6099.96,C1700721442,42133,36033.04,M2116511124,0,0,0
1,PAYMENT,372.34,C872522004,65254,64881.66,M1348916831,0,0,0
1,PAYMENT,4635.18,C1110698130,6313782,6309147,M125644421,0,0,0
1,PAYMENT,1267.97,C1053632127,6309147,6307879,M1493158871,0,0,0
1,PAYMENT,6911.99,C89509666,6307879,6300967,M1806880779,0,0,0
1,PAYMENT,1795.67,C1016856028,6300967,6299171,M446445803,0,0,0
1,PAYMENT,3199.06,C832292933,6299171,6295972,M1280603381,0,0,0
1,PAYMENT,10265.17,C792855998,6295972,6285707,M1424108509,0,0,0
1,PAYMENT,9029.12,C1003755748,25480,16450.88,M1414013111,0,0,0
1,PAYMENT,7600.57,C1805164661,50747,43146.43,M778162712,0,0,0
1,PAYMENT,2057.71,C896138248,25132,23074.29,M548482954,0,0,0
1,PAYMENT,3823.08,C243575009,10382,6558.92,M777341499,0,0,0
1,TRANSFER,2806,C1420196421,2806,0,C972765878,0,0,0
1,CASH_OUT,2806,C2101527076,2806,0,C1007251739,26202,0,0
1,PAYMENT,6737.2,C1454026445,624,0,M1378497201,0,0,0
1,PAYMENT,9161.98,C892931811,11128,1966.02,M1577167234,0,0,0
1,PAYMENT,1239.06,C1574873161,396386,395146.9,M1591916281,0,0,0
1,PAYMENT,365,C600958416,319,0,M1884231057,0,0,0
1,PAYMENT,5237.54,C1492875057,27105,21867.46,M333793193,0,0,0
1,PAYMENT,2618.76,C1068945248,21867.46,19248.7,M937277082,0,0,0
1,PAYMENT,339.82,C882646447,12076,11736.18,M234740890,0,0,0
1,DEBIT,1393.46,C79290250,100068,98674.54,C1076835071,26446,318637.4,0
1,PAYMENT,2731.37,C1586151649,17540,14808.63,M179294202,0,0,0
1,PAYMENT,8364.73,C1767230265,81,0,M593103894,0,0,0
1,PAYMENT,6598.71,C727666004,16392,9793.29,M1601935322,0,0,0
1,PAYMENT,4304.58,C414225167,10708,6403.42,M1803093683,0,0,0
1,PAYMENT,2867.14,C975033189,943,0,M962287291,0,0,0
1,PAYMENT,2946.38,C628064884,0,0,M109069556,0,0,0
1,PAYMENT,507.12,C1389509050,87005,86497.88,M828326869,0,0,0
1,PAYMENT,3020.86,C1761217448,50361,47340.14,M1817789863,0,0,0
1,PAYMENT,8948.03,C788905599,11137,2188.97,M1678709153,0,0,0
1,CASH_OUT,280877.9,C1544614339,2188.97,0,C1297685781,462914.2,16997.22,0
1,PAYMENT,1084.9,C2059592603,13727,12642.1,M2016828666,0,0,0
1,PAYMENT,9456.69,C1688782916,12642.1,3185.41,M1064154107,0,0,0
1,PAYMENT,5812.36,C1390301622,3185.41,0,M415565467,0,0,0
1,TRANSFER,157883.1,C973936431,46547,0,C1335050193,72793,353532.6,0
1,PAYMENT,2734.77,C1756207614,4511,1776.23,M1214133948,0,0,0
1,CASH_OUT,102153.9,C2015301874,1776.23,0,C1335050193,230676.1,353532.6,0
1,PAYMENT,584.52,C712627377,15479,14894.48,M782228073,0,0,0
1,PAYMENT,6113.14,C399373008,15629,9515.86,M391506011,0,0,0
1,CASH_OUT,369989.2,C1936550492,9515.86,0,C1789550256,518243.1,4619799,0
1,CASH_OUT,215338.3,C594651850,0,0,C75457651,285755.6,31469.78,0
1,CASH_OUT,65521.42,C1532139270,0,0,C920011586,93337.06,0,0
1,CASH_OUT,116977.6,C1677568775,0,0,C1740000325,191043.1,1363369,0
1,CASH_OUT,262392.4,C2069500590,0,0,C2083562754,457286,1186557,0
1,CASH_OUT,51121.05,C1431556341,0,0,C1740000325,308020.6,1363369,0
1,CASH_OUT,202624.6,C452364286,0,0,C985934102,1056495,971418.9,0
1,CASH_OUT,118235.2,C350069300,0,0,C1335050193,332829.9,353532.6,0
1,CASH_OUT,118056.7,C1060703587,0,0,C757108857,272906.5,0,0
1,CASH_OUT,498960.9,C1957078537,0,0,C1360767589,608612.2,2107965,0
1,CASH_OUT,691738.4,C1514214932,0,0,C1590550415,6285707,1.92E+07,0
1,CASH_OUT,58820.08,C594858858,0,0,C1360767589,1107573,2107965,0
1,PAYMENT,4419.04,C1423016050,52951,48531.96,M352776719,0,0,0
1,PAYMENT,4270.02,C1202042637,9516,5245.98,M1112527632,0,0,0
1,PAYMENT,3007.83,C440736059,49905,46897.17,M955324150,0,0,0
1,PAYMENT,1824.59,C1384563514,25138,23313.41,M1852661033,0,0,0
1,PAYMENT,993.46,C1548946718,19448,18454.54,M1814423236,0,0,0
1,CASH_OUT,302693.1,C140404585,18454.54,0,C1688019098,306239,97263.78,0
1,PAYMENT,1445.06,C207546206,10892,9446.94,M1218519094,0,0,0
1,PAYMENT,4059.25,C200404000,4186,126.75,M1894758168,0,0,0
1,PAYMENT,3417.18,C191945292,126.75,0,M1242688388,0,0,0
1,DEBIT,3428.95,C1317375498,147798,144369.1,C665576141,1534657,5515763,0
1,PAYMENT,5580.98,C1130346421,7781,2200.02,M1316005672,0,0,0
1,DEBIT,3455.85,C192428201,3509,53.15,C401424608,1333014,1178808,0
1,PAYMENT,7265.63,C1768882706,14508,7242.37,M1463022229,0,0,0
1,PAYMENT,3852.64,C472991420,1449076,1445224,M1455855843,0,0,0
1,PAYMENT,7870.29,C1202220987,1445224,1437353,M256346753,0,0,0
1,DEBIT,12872.92,C425015667,11197,0,C466505482,51885,0,0
1,PAYMENT,6675.34,C2075568954,10107,3431.66,M2145896000,0,0,0
1,CASH_OUT,410201.9,C1279740095,21448,0,C1750905143,61613,424250.5,0
1,PAYMENT,13310.78,C2095677157,0,0,M852026681,0,0,0
1,PAYMENT,664.35,C1943855334,102983,102318.7,M94919826,0,0,0
1,PAYMENT,2130.3,C847320212,10958,8827.7,M1201004240,0,0,0
1,PAYMENT,7771.4,C1406848276,8827.7,1056.3,M349259569,0,0,0
1,PAYMENT,36349.35,C785306763,1056.3,0,M1204088028,0,0,0
1,PAYMENT,749.34,C1123236701,0,0,M1552221437,0,0,0
1,PAYMENT,2340.34,C79161706,0,0,M1685407532,0,0,0
1,PAYMENT,9686.85,C1057468716,0,0,M1272051933,0,0,0
1,PAYMENT,15785.85,C1888924788,0,0,M1041547629,0,0,0
1,PAYMENT,9006.78,C1016633682,0,0,M2018220300,0,0,0
1,PAYMENT,9014.95,C1027319653,0,0,M633079302,0,0,0
1,PAYMENT,14420.66,C1561745898,0,0,M2033268925,0,0,0
1,PAYMENT,4802.31,C424786033,0,0,M1545077099,0,0,0
1,PAYMENT,28527.44,C867093003,0,0,M1135278099,0,0,0
1,PAYMENT,4182.93,C1470911015,0,0,M1268974304,0,0,0
1,PAYMENT,4088.21,C244872973,0,0,M451312813,0,0,0
1,PAYMENT,8491.9,C795748540,0,0,M2081000371,0,0,0
1,DEBIT,6666.78,C837073696,11876,5209.22,C655381473,24777,189534.7,0
1,PAYMENT,6536.86,C416201381,17319,10782.14,M1178290888,0,0,0
1,CASH_OUT,40684.97,C1985938863,10782.14,0,C1291286504,49530,66575.5,0
1,PAYMENT,1553.21,C1660325375,31516,29962.79,M251664534,0,0,0
1,DEBIT,7344.92,C334593716,0,0,C485041780,185432,0,0
1,CASH_OUT,106267.2,C487416600,0,0,C476800120,241106.1,49864.36,0
1,PAYMENT,5491.5,C1271041075,36605,31113.5,M1141500277,0,0,0
1,PAYMENT,3666.42,C1544895390,48117,44450.58,M712410791,0,0,0
1,PAYMENT,5507.18,C1971991758,36030,30522.82,M2126723403,0,0,0
1,DEBIT,4565.14,C201274566,30265,25699.86,C747464370,829892.1,1567435,0
1,PAYMENT,11348.71,C354605216,734899,723550.3,M824881806,0,0,0
1,TRANSFER,123180,C1447353473,7215,0,C20671747,12904.68,43691.09,0
1,PAYMENT,7073.6,C611289995,0,0,M663466110,0,0,0
1,PAYMENT,2803.83,C1129433283,0,0,M864138492,0,0,0
1,PAYMENT,106.81,C1810518740,0,0,M295180183,0,0,0
1,PAYMENT,6297.71,C1547883191,762,0,M1650113431,0,0,0
1,PAYMENT,2610.01,C1528769018,58697.54,56087.54,M183155105,0,0,0
1,PAYMENT,5320.1,C1089930529,56087.54,50767.43,M2001115307,0,0,0
1,PAYMENT,1460.63,C1429483328,1132,0,M172794870,0,0,0
1,TRANSFER,522264.8,C1927963027,24,0,C1234776885,11361,2025099,0
1,DEBIT,3584.21,C833240229,135496,131911.8,C1330106945,100614.1,24044.18,0
1,PAYMENT,3704.97,C1167088639,24553,20848.03,M707531688,0,0,0
1,PAYMENT,2773.61,C191568263,14332,11558.39,M1799635803,0,0,0
1,PAYMENT,3896.42,C751608431,11558.39,7661.97,M1723290893,0,0,0
1,PAYMENT,18781.84,C893640573,7661.97,0,M2085886997,0,0,0
1,PAYMENT,6660.33,C893523498,17710,11049.67,M1770070706,0,0,0
1,TRANSFER,26923.42,C1108517064,11049.67,0,C1983747920,199404.9,95508.95,0
1,TRANSFER,53783.57,C511354923,0,0,C1899073220,75514,420946.9,0
1,TRANSFER,80333.28,C992743048,0,0,C1749186397,321593,277515.1,0
1,TRANSFER,211075.9,C1540894701,0,0,C564160838,930082.8,1254956,0
1,TRANSFER,100677.9,C203149502,0,0,C1531333864,701567.6,55974.56,0
1,TRANSFER,473499.5,C1198197478,0,0,C453211571,883248.4,3461666,0
1,TRANSFER,1538200,C476579021,0,0,C1590550415,6977445,1.92E+07,0
1,TRANSFER,2421578,C106297322,0,0,C1590550415,8515646,1.92E+07,0
1,TRANSFER,1349671,C1419332030,0,0,C665576141,1538086,5515763,0
1,TRANSFER,314403.1,C1262110193,0,0,C1789550256,888232.3,4619799,0
1,TRANSFER,1457214,C396918327,0,0,C1590550415,1.09E+07,1.92E+07,0
1,TRANSFER,180368.8,C1055601039,0,0,C1359044626,1437353,16518.36,0
1,TRANSFER,445038.7,C547441493,0,0,C1531333864,802245.4,55974.56,0
1,TRANSFER,1123207,C967677821,0,0,C451111351,1773963,3940085,0
1,DEBIT,996,C1839206329,46132,45136,C998351292,88106.55,1015132,0
1,TRANSFER,176334.3,C169880779,45136,0,C1286084959,1251626,2107778,0
1,TRANSFER,161217.6,C552674617,0,0,C909295153,199733,5602235,0
1,TRANSFER,108443.6,C1974622245,0,0,C240650537,246974.3,0,0
1,TRANSFER,75442.68,C402808045,0,0,C1318822808,80469,500631.7,0
1,TRANSFER,55536.86,C332365138,0,0,C392292416,915902.4,3420103,0
1,TRANSFER,438437.1,C977160959,0,0,C248609774,740675.5,6453431,0
1,TRANSFER,928722.7,C1563053805,0,0,C985934102,1259120,971418.9,0
1,TRANSFER,1478772,C1464177809,0,0,C1170794006,1652668,22190.99,0
1,TRANSFER,2545478,C1057507014,0,0,C1590550415,1.24E+07,1.92E+07,0
1,TRANSFER,2061083,C2007599722,0,0,C1590550415,1.49E+07,1.92E+07,0
1,TRANSFER,983479.7,C2029780820,0,0,C1170794006,3131440,22190.99,0
1,TRANSFER,635508,C65080774,0,0,C747464370,834457.2,1567435,0
1,TRANSFER,848231.6,C2116179210,0,0,C1170794006,4114920,22190.99,0
1,TRANSFER,739112.9,C1172535934,0,0,C564160838,1141159,1254956,0
1,TRANSFER,324397.9,C1648700617,0,0,C932583850,373058.8,2719173,0
1,TRANSFER,982862.8,C1765900922,0,0,C985934102,2187842,971418.9,0
1,TRANSFER,955855,C94830685,0,0,C248609774,1179113,6453431,0
1,TRANSFER,179253.2,C1539947037,0,0,C1870252780,179614.1,46462.23,0
1,PAYMENT,5446.88,C270661321,666,0,M1964434661,0,0,0
1,PAYMENT,648.64,C1217312754,873,224.36,M1585571244,0,0,0
1,PAYMENT,8494.71,C1099552523,11129,2634.29,M66724371,0,0,0
1,CASH_OUT,373068.3,C1047934137,20034,0,C1286084959,1427961,2107778,0
1,CASH_IN,143236.3,C1862994526,0,143236.3,C1688019098,608932.2,97263.78,0
1,CASH_IN,228451.9,C1614133563,143236.3,371688.2,C2083562754,719678.4,1186557,0
1,CASH_IN,35902.49,C839771540,371688.2,407590.7,C2001112025,49003.3,0,0
1,CASH_IN,232953.6,C1037163664,407590.7,640544.3,C33524623,1172672,1517262,0
1,CASH_IN,65912.95,C180316302,640544.3,706457.2,C1330106945,104198.3,24044.18,0
1,CASH_IN,193492.7,C1200546947,706457.2,899949.9,C1531333864,1247284,55974.56,0
1,CASH_IN,60836.64,C443713699,899949.9,960786.6,C488044861,143436,5203.54,0
1,CASH_IN,62325.15,C695530017,960786.6,1023112,C564160838,1880272,1254956,0
1,CASH_IN,349640.5,C1493042329,1023112,1372752,C909295153,360950.6,5602235,0
1,CASH_IN,135324.2,C1751403001,1372752,1508076,C453211571,1356748,3461666,0
1,CASH_IN,380015.1,C1717433286,1508076,1888092,C401424608,1336470,1178808,0
1,CASH_IN,418688.3,C1756819670,1888092,2306780,C401424608,956455,1178808,0
1,CASH_IN,311023.5,C1078262677,2306780,2617803,C766572210,1477777,0,0
1,CASH_IN,151862.4,C178604517,2617803,2769666,C920011586,158858.5,0,0
1,CASH_IN,228710.1,C57624756,2769666,2998376,C1297685781,743792.1,16997.22,0
1,CASH_IN,220431.1,C1543518287,2998376,3218807,C451111351,2897170,3940085,0
1,CASH_IN,182861.5,C998242313,3218807,3401668,C485041780,192776.9,0,0
1,CASH_IN,231881.5,C464872674,3401668,3633550,C1509514333,894141.7,2415.16,0
1,CASH_IN,38071.17,C1659286984,3633550,3671621,C601893033,122487,54985.05,0
1,CASH_IN,87117.29,C1064905627,3671621,3758738,C75457651,501093.9,31469.78,0
1,CASH_IN,114271.7,C2072130509,3758738,3873010,C985934102,3170705,971418.9,0
1,CASH_IN,73199.1,C1260440107,3873010,3946209,C1749186397,401926.3,277515.1,0
1,CASH_IN,764773,C482307698,3946209,4710982,C985934102,3056434,971418.9,0
1,CASH_IN,106847.4,C1793899405,4710982,4817829,C575335780,335711.5,52415.15,0
1,CASH_IN,6287.28,C1765702,4817829,4824117,C1651855867,11274,0,0
1,CASH_IN,24936.34,C1302725372,4824117,4849053,C660143728,104408,42450.71,0
1,CASH_IN,55837.16,C713898436,4849053,4904890,C100555887,66800.82,10963.66,0
1,CASH_IN,63255.29,C632475595,4904890,4968146,C1100439041,237735.3,0,0
1,CASH_IN,104605.8,C1920305914,4968146,5072751,C357863579,207302.1,92307.65,0
1,CASH_IN,154160.8,C263833514,5072751,5226912,C503195940,157376,0,0
1,CASH_IN,257348,C1278839936,5226912,5484260,C985934102,2291661,971418.9,0
1,CASH_IN,201073.8,C2143739483,5484260,5685334,C401424608,537766.8,1178808,0
1,CASH_IN,53560.68,C565881091,5685334,5738895,C1761291320,172857.7,22233.65,0
1,CASH_IN,334234.4,C1618984457,5738895,6073129,C1870252780,358867.4,46462.23,0
1,CASH_IN,227335.2,C1621254922,6073129,6300464,C564160838,1817947,1254956,0
1,CASH_IN,134426.1,C702500163,6300464,6434890,C575335780,228864.2,52415.15,0
1,CASH_IN,2643.45,C1574509514,6434890,6437534,C215145189,49974,1891.79,0
1,CASH_IN,134977.1,C1087072654,6437534,6572511,C1750905143,471814.9,424250.5,0
1,CASH_IN,25090.03,C864221358,6572511,6597601,C1282788025,80148.6,0,0
1,CASH_IN,147388.7,C1617174216,6597601,6744990,C824009085,184486,64106.18,0
1,CASH_IN,217615.1,C1979080261,6744990,6962605,C392292416,971439.2,3420103,0
1,CASH_IN,355294.5,C1860886124,6962605,7317899,C747464370,1469965,1567435,0
1,CASH_IN,12336.48,C1250499735,7317899,7330236,C990398217,21024,83845.22,0
1,CASH_IN,349505.9,C173791568,7330236,7679741,C1590550415,1.70E+07,1.92E+07,0
1,CASH_IN,285185.3,C1293462056,7679741,7964927,C1335050193,451065.1,353532.6,0
1,CASH_IN,132953.5,C1966670937,7964927,8097880,C1359044626,1617722,16518.36,0
1,CASH_IN,214851.4,C2002174925,8097880,8312732,C33524623,939718.6,1517262,0
1,CASH_IN,54988.56,C588449070,8312732,8367720,C11003494,60870,1.06E+07,0
1,CASH_IN,62871.06,C735228558,8367720,8430591,C716157500,177707.9,4894.45,0
1,CASH_IN,61150.85,C376725601,8430591,8491742,C1360767589,1166393,2107965,0
1,CASH_IN,131409.3,C1476235721,8491742,8623151,C1068824137,290276,265092.4,0
1,CASH_IN,10844.33,C1828508781,8623151,8633996,C2083117811,42274,290772.6,0
1,PAYMENT,2054.84,C1376017854,22195,20140.16,M1732663543,0,0,0
1,CASH_IN,313373.6,C1552870927,20140.16,333513.7,C985934102,2034313,971418.9,0
1,CASH_IN,13289.87,C1448805967,333513.7,346803.6,C1225616405,78256.1,0,0
1,CASH_IN,27070.11,C641882263,346803.6,373873.7,C1568059495,70595,122750.5,0
1,CASH_IN,127954.7,C1930837320,373873.7,501828.4,C564160838,1590611,1254956,0
1,CASH_IN,197031,C1489193907,501828.4,698859.4,C1297685781,515082.1,16997.22,0
1,CASH_IN,144366.6,C1453606810,698859.4,843226.1,C985934102,1720939,971418.9,0
1,CASH_IN,7965.49,C1645624121,843226.1,851191.6,C195600860,35100.09,40348.79,0
1,CASH_IN,123103.7,C547923534,851191.6,974295.3,C736709391,541942.2,46820.71,0
1,CASH_IN,106634.8,C1660223291,974295.3,1080930,C1170794006,4963151,22190.99,0
1,CASH_IN,74933.22,C379124840,1080930,1155863,C1023714065,1312918,1412484,0
1,CASH_IN,120235,C1157943921,1155863,1276098,C977993101,194026.3,965870.1,0
1,CASH_IN,5763.99,C544966217,1276098,1281862,C1870252780,24632.95,46462.23,0
1,CASH_IN,156922.4,C1706272858,1281862,1438785,C665576141,2887757,5515763,0
1,CASH_IN,162666,C882471736,1438785,1601451,C1096283470,362164.9,0,0
1,CASH_IN,110226.3,C1475192960,1601451,1601451,C1816757085,1601451,1.07E+07,0
1,CASH_IN,142577.4,C727197178,1601451,1744028,C1100439041,174480,0,0
1,CASH_IN,6915.38,C1406253491,1744028,1750943,C85777802,49685,0,0
1,CASH_IN,157108,C749604930,1750943,1908051,C985934102,1576572,971418.9,0
1,CASH_IN,223555.1,C373097727,1908051,2131607,C564160838,1462657,1254956,0
1,CASH_IN,146331.1,C2082509879,2131607,2277938,C1531333864,1053791,55974.56,0
1,CASH_IN,141131.2,C576894497,2277938,2419069,C985934102,1419464,971418.9,0
1,CASH_IN,222711.5,C2123533871,2419069,2641780,C1590550415,1.67E+07,1.92E+07,0
1,CASH_IN,84980.31,C16148478,2641780,2726761,C1335050193,165879.8,353532.6,0
1,CASH_IN,628719.1,C2022689531,2726761,3355480,C1359044626,1484769,16518.36,0
1,CASH_IN,79285.8,C1340848245,3355480,3434766,C1170794006,4856517,22190.99,0
1,CASH_IN,57809.81,C635610193,3434766,3492575,C1454031203,59666,0,0
1,CASH_IN,75043.17,C379121284,3492575,3567619,C1511785794,156547,0,0
1,CASH_IN,248196.9,C281421502,3567619,3815816,C1297685781,318051.1,16997.22,0
1,CASH_IN,18851.44,C50072771,3815816,3834667,C215145189,47330.55,1891.79,0
1,CASH_IN,403418.4,C848097505,3834667,4238085,C1286084959,1801029,2107778,0
1,CASH_IN,235564.8,C1672598778,4238085,4473650,C451111351,2676739,3940085,0
1,CASH_IN,32325.24,C1122233828,4473650,4505975,C1068824137,158866.8,265092.4,0
1,CASH_IN,345347.7,C538667887,4505975,4851323,C240650537,355417.9,0,0
1,CASH_IN,355500.3,C1967496309,4851323,5206823,C766572210,1166753,0,0
1,CASH_IN,103005.8,C406749219,5206823,5309829,C716157500,114836.9,4894.45,0
1,CASH_IN,108804,C1173340685,5309829,5418633,C766572210,811253.2,0,0
1,CASH_IN,259753.3,C1045731788,5418633,5678386,C1209271652,260112.5,0,0
1,CASH_IN,234094.2,C1739267143,5678386,5912481,C985934102,1278333,971418.9,0
1,CASH_IN,273305.7,C192456457,5912481,6185786,C1023714065,1237985,1412484,0
1,CASH_IN,186839,C817689537,6185786,6372625,C736709391,418838.5,46820.71,0
1,CASH_IN,193161,C708613859,6372625,6565786,C451111351,2441174,3940085,0
1,CASH_IN,152823.9,C365625031,6565786,6718610,C1789550256,1202635,4619799,0
1,CASH_IN,91457.82,C1531200408,6718610,6810068,C1509514333,662260.2,2415.16,0
1,CASH_IN,277807.5,C212963786,6810068,7087875,C1531333864,907460.3,55974.56,0
1,CASH_IN,8679.13,C1123321137,7087875,7096555,C575335780,94438.08,52415.15,0
1,CASH_IN,2099.59,C685934,7096555,7098654,C1854778591,40471.79,0,0
1,CASH_IN,221693.1,C2032909428,7098654,7320347,C1531333864,629652.9,55974.56,0
1,CASH_IN,206097.7,C2031377754,7320347,7526445,C564160838,1239102,1254956,0
1,CASH_IN,22384.21,C523211332,7526445,7548829,C459857341,42211,387263,0
1,CASH_IN,73210.99,C1280124872,7548829,7622040,C1435804085,79582.64,96.88,0
1,CASH_IN,236747.6,C1747053097,7622040,7858788,C757108857,390963.2,0,0
1,CASH_IN,6284.18,C864326906,7858788,7865072,C1749186397,328727.2,277515.1,0
1,CASH_IN,100198.8,C1348115836,7865072,7965271,C1750905143,336837.8,424250.5,0
1,CASH_IN,160347.3,C1972143064,7965271,8125618,C33524623,724867.2,1517262,0
1,CASH_IN,289272.8,C312168418,8125618,8414891,C75457651,413976.6,31469.78,0
1,CASH_IN,63189.26,C95369743,8414891,8478080,C1860513229,101925,0,0
1,CASH_IN,196725.3,C26928827,8478080,8674805,C451111351,2248013,3940085,0